url,tipo,intencion,fuentes,fecha_revision,estado_checks
https://superentrenador.com/blog/como-elegir-entrenador-personal-con-criterio,actualizada,Cómo elegir entrenador personal con criterio antes de contactar,/como-funciona,2026-10-06,desarrollado; fuentes y metadatos comprobados; publicación pendiente
https://superentrenador.com/blog/como-publicar-perfil-entrenador-que-convierte,actualizada,Cómo publicar un perfil de entrenador que convierte,/como-funciona,2026-10-06,desarrollado; fuentes y metadatos comprobados; publicación pendiente
https://superentrenador.com/blog/andalucia-primer-mercado-entrenadores-personales,actualizada,Andalucía como primer mercado para entrenadores personales,/como-funciona,2026-10-06,desarrollado; fuentes y metadatos comprobados; publicación pendiente
https://superentrenador.com/blog/contacto-protegido-marketplace-entrenadores,actualizada,Cómo contactar con un entrenador en Superentrenador,/como-funciona,2026-10-06,desarrollado; fuentes y metadatos comprobados; publicación pendiente
https://superentrenador.com/blog/necesito-ser-autonomo-entrenador-personal,actualizada,¿Necesito ser autónomo para trabajar como entrenador personal?,https://sede.agenciatributaria.gob.es/Sede/ayuda/manuales-videos-folletos/manuales-practicos/manual-iva-2025/capitulo-01-novedades-destacar-2025/modelo-037.html | https://sede.agenciatributaria.gob.es/Sede/ayuda/manuales-videos-folletos/manuales-practicos/guia-practica-cumplimentacion-modelo-censal-036/anexos/anexo-03-instrucciones-modelo-036/plazo-presentacion/declaracion-alta.html | https://portal.seg-social.gob.es/wps/portal/importass/importass/Colectivos/Trabajo%2BAutonomo/guia,2026-10-06,desarrollado; fuentes y metadatos comprobados; publicación pendiente
https://superentrenador.com/blog/como-facturar-entrenador-personal,actualizada,"Cómo facturar como entrenador personal: IVA, IRPF y datos básicos",https://www.boe.es/buscar/act.php?id=BOE-A-2012-14696 | https://sede.agenciatributaria.gob.es/Sede/ayuda/manuales-videos-folletos/manuales-practicos/manual-iva-2026/capitulo-03-entregas-realizadas-empresarios-profesionales/entregas-bienes-servic-realizadas-empresarios-profesionales/operaciones-exentas/exenciones-operaciones-interiores/exenciones-sociales-culturales-deportivas.html | https://www.boe.es/buscar/act.php?id=BOE-A-1992-28740 | https://www.boe.es/buscar/act.php?id=BOE-A-2007-6820,2026-10-06,desarrollado; fuentes y metadatos comprobados; publicación pendiente
https://superentrenador.com/blog/necesito-web-entrenador-personal,actualizada,¿Necesito una web propia como entrenador personal?,/como-funciona | https://developers.google.com/search/docs/fundamentals/seo-starter-guide?hl=es,2026-10-06,desarrollado; fuentes y metadatos comprobados; publicación pendiente
https://superentrenador.com/blog/seguro-responsabilidad-civil-entrenador-andalucia,nueva,"Seguro de responsabilidad civil, salud y accidentes: qué revisar como entrenador en Andalucía",https://www.boe.es/buscar/act.php?id=BOE-A-2016-7566 | https://www.juntadeandalucia.es/servicios/normativa/normas-elaboracion/detalle/238945.html | https://www.boe.es/buscar/act.php?id=BOE-A-1980-22501,2026-10-06,desarrollado; fuentes y metadatos comprobados; publicación pendiente
https://superentrenador.com/blog/preparar-primer-cliente-entrenador-andalucia,nueva,Cómo preparar tu primer cliente como entrenador en Andalucía,https://www.boe.es/buscar/act.php?id=BOE-A-2016-7566 | https://portal.seg-social.gob.es/wps/portal/importass/importass/Colectivos/Trabajo%2BAutonomo/guia | /como-funciona,2026-10-06,desarrollado; fuentes y metadatos comprobados; publicación pendiente
https://superentrenador.com/blog,actualizada,Hub de guías y captación de entrenadores,Código y guías enlazadas,2026-10-06,desarrollado; render y navegación local comprobados; publicación pendiente
https://superentrenador.com/como-funciona,nueva,"Explicar descubrimiento, comparación, contacto y alta profesional",Código y guías enlazadas,2026-10-06,desarrollado; render y navegación local comprobados; publicación pendiente
https://superentrenador.com/sitemap.xml,actualizada,Rutas editoriales y fechas estables,Código y guías enlazadas,2026-10-06,desarrollado; render y navegación local comprobados; publicación pendiente
https://superentrenador.com/,navegación compartida,Enlaces públicos a guías y funcionamiento,Código del marketplace,2026-10-06,no implica indexabilidad ni prueba autenticada; publicación pendiente
https://superentrenador.com/mis-anuncios,navegación compartida,Enlaces públicos a guías y funcionamiento,Código del marketplace,2026-10-06,no implica indexabilidad ni prueba autenticada; publicación pendiente
https://superentrenador.com/registro,navegación compartida,Enlaces públicos a guías y funcionamiento,Código del marketplace,2026-10-06,no implica indexabilidad ni prueba autenticada; publicación pendiente
https://superentrenador.com/politica-privacidad,navegación compartida,Enlaces públicos a guías y funcionamiento,Código del marketplace,2026-10-06,no implica indexabilidad ni prueba autenticada; publicación pendiente
https://superentrenador.com/dashboard,navegación compartida,Enlaces públicos a guías y funcionamiento,Código del marketplace,2026-10-06,no implica indexabilidad ni prueba autenticada; publicación pendiente
https://superentrenador.com/andalucia,navegación compartida,Enlaces públicos a guías y funcionamiento,Código del marketplace,2026-10-06,no implica indexabilidad ni prueba autenticada; publicación pendiente
https://superentrenador.com/terminos,navegación compartida,Enlaces públicos a guías y funcionamiento,Código del marketplace,2026-10-06,no implica indexabilidad ni prueba autenticada; publicación pendiente
https://superentrenador.com/mi-perfil,navegación compartida,Enlaces públicos a guías y funcionamiento,Código del marketplace,2026-10-06,no implica indexabilidad ni prueba autenticada; publicación pendiente
https://superentrenador.com/premium,navegación compartida,Enlaces públicos a guías y funcionamiento,Código del marketplace,2026-10-06,no implica indexabilidad ni prueba autenticada; publicación pendiente
https://superentrenador.com/login,navegación compartida,Enlaces públicos a guías y funcionamiento,Código del marketplace,2026-10-06,no implica indexabilidad ni prueba autenticada; publicación pendiente
https://superentrenador.com/cookies,navegación compartida,Enlaces públicos a guías y funcionamiento,Código del marketplace,2026-10-06,no implica indexabilidad ni prueba autenticada; publicación pendiente
https://superentrenador.com/entrenadores,navegación compartida,Enlaces públicos a guías y funcionamiento,Código del marketplace,2026-10-06,no implica indexabilidad ni prueba autenticada; publicación pendiente
https://superentrenador.com/admin/entrenadores,navegación compartida,Enlaces públicos a guías y funcionamiento,Código del marketplace,2026-10-06,no implica indexabilidad ni prueba autenticada; publicación pendiente
https://superentrenador.com/dashboard/mensajes,navegación compartida,Enlaces públicos a guías y funcionamiento,Código del marketplace,2026-10-06,no implica indexabilidad ni prueba autenticada; publicación pendiente
https://superentrenador.com/ciudades/[city],plantilla actualizada,Enlaces públicos a guías y funcionamiento,Código del marketplace,2026-10-06,no implica indexabilidad ni prueba autenticada; publicación pendiente
https://superentrenador.com/entrenadores/[slug],plantilla actualizada,Enlaces públicos a guías y funcionamiento; precio con unidad y consulta si no disponible,Código del marketplace,2026-10-06,no implica indexabilidad ni prueba autenticada; publicación pendiente
